{
    "mae": 2.3460341896472117,
    "rmse": 2.9478460068718806,
    "mape": 2.5088234838018915,
    "direction_accuracy": 50.0
}